step,train_loss,eval_loss
10,0.6928641319274902,
20,0.6923449039459229,
30,0.6912827014923095,
40,0.6911335468292237,
50,0.6899296283721924,
50,,0.6890454292297363
60,0.6906908035278321,
70,0.6894996166229248,
80,0.6889654159545898,
90,0.6885273456573486,
100,0.6884096145629883,
100,,0.6864616274833679
110,0.688415813446045,
